{
  "_fv": 24,
  "_type": "rangeditem",
  "definition": {
    "renderType": 0,
    "texture": "ancient_dragon_fireball",
    "customModelName": "Normal",
    "name": "Ancient Dragon Fireball",
    "specialInfo": [],
    "creativeTab": {
      "value": "No creative tab entry"
    },
    "stackSize": 16,
    "ammoItem": {
      "value": ""
    },
    "shootConstantly": true,
    "usageCount": 0,
    "actionSound": {
      "value": "entity.enderdragon.shoot"
    },
    "hasGlow": false,
    "animation": "block",
    "enableMeleeDamage": false,
    "damageVsEntity": 0.0,
    "bulletPower": 1.0,
    "bulletDamage": 0.0,
    "bulletKnockback": 0,
    "bulletParticles": false,
    "bulletIgnitesFire": false,
    "bulletItemTexture": {
      "value": "CUSTOM:AncientDragonProjectile"
    },
    "bulletModel": "Default",
    "customBulletModelTexture": ""
  }
}