{
  "_fv": 24,
  "_type": "gui",
  "definition": {
    "type": 0,
    "width": 0,
    "height": 0,
    "inventoryOffsetX": 0,
    "inventoryOffsetY": 0,
    "renderBgLayer": false,
    "doesPauseGame": false,
    "components": [
      {
        "type": "label",
        "data": {
          "text": "Become a Soldier?",
          "color": {
            "value": -1,
            "falpha": 0.0
          },
          "name": "Become a Soldier?",
          "x": 326,
          "y": 58
        }
      },
      {
        "type": "button",
        "data": {
          "text": "Accept",
          "onClick": {
            "name": "ChooseSoldierOccupation"
          },
          "width": 56,
          "height": 20,
          "name": "Accept",
          "x": 341,
          "y": 84
        }
      },
      {
        "type": "button",
        "data": {
          "text": "Decline",
          "onClick": {
            "name": "DeclineSoldierOccupation"
          },
          "width": 61,
          "height": 20,
          "name": "Decline",
          "x": 339,
          "y": 120
        }
      }
    ],
    "onClosed": {
      "name": "DeclineSoldierDialouge"
    },
    "gridSettings": {
      "sx": 18,
      "sy": 18,
      "ox": 11,
      "oy": 15,
      "snapOnGrid": false
    }
  }
}