{
  "_fv": 24,
  "_type": "tag",
  "definition": {
    "type": "Entities",
    "items": [],
    "blocks": [],
    "functions": [],
    "entities": [
      {
        "value": "CUSTOM:RoseianGuard"
      },
      {
        "value": "CUSTOM:RoseianWarrior"
      },
      {
        "value": "CUSTOM:FairieNinja"
      },
      {
        "value": "CUSTOM:RoseianMalePrisoner"
      },
      {
        "value": "CUSTOM:RoseianFemalePrisoner"
      },
      {
        "value": "CUSTOM:FeralWolf"
      }
    ],
    "name": "brute_targets",
    "namespace": "mod"
  }
}