{
  "_fv": 24,
  "_type": "tag",
  "definition": {
    "type": "Entities",
    "items": [],
    "blocks": [],
    "functions": [],
    "entities": [
      {
        "value": "CUSTOM:EmberianChildFemale"
      },
      {
        "value": "CUSTOM:EmberianChildMale"
      },
      {
        "value": "CUSTOM:FairieChildFemale"
      },
      {
        "value": "CUSTOM:FairieChildMale"
      },
      {
        "value": "CUSTOM:IceianChildFemale"
      },
      {
        "value": "CUSTOM:IceianChildMale"
      },
      {
        "value": "CUSTOM:OniChildFemale"
      },
      {
        "value": "CUSTOM:OniChildMale"
      },
      {
        "value": "CUSTOM:RoseianChildFemale"
      },
      {
        "value": "CUSTOM:RoseianChildMale"
      }
    ],
    "name": "children",
    "namespace": "mod"
  }
}