{
  "_fv": 24,
  "_type": "gui",
  "definition": {
    "type": 0,
    "width": 176,
    "height": 166,
    "inventoryOffsetX": 0,
    "inventoryOffsetY": 0,
    "renderBgLayer": false,
    "doesPauseGame": false,
    "components": [
      {
        "type": "image",
        "data": {
          "image": "book.png",
          "use1Xscale": false,
          "name": "book.png",
          "x": 121,
          "y": 27
        }
      },
      {
        "type": "label",
        "data": {
          "text": "Choose your Gender",
          "color": {
            "value": -16777216,
            "falpha": 0.0
          },
          "name": "Choose your Gender",
          "x": 167,
          "y": 62
        }
      },
      {
        "type": "button",
        "data": {
          "text": "Male",
          "onClick": {
            "name": "ChoseMale"
          },
          "width": 46,
          "height": 20,
          "name": "Male",
          "x": 188,
          "y": 93
        }
      },
      {
        "type": "button",
        "data": {
          "text": "Female",
          "onClick": {
            "name": "ChoseFemale"
          },
          "width": 56,
          "height": 20,
          "name": "Female",
          "x": 184,
          "y": 130
        }
      }
    ],
    "onClosed": {
      "name": "ChooseGenderPageClosed"
    },
    "gridSettings": {
      "sx": 18,
      "sy": 18,
      "ox": 11,
      "oy": 15,
      "snapOnGrid": false
    }
  }
}