{
  "_fv": 24,
  "_type": "gui",
  "definition": {
    "type": 0,
    "width": 176,
    "height": 166,
    "inventoryOffsetX": 0,
    "inventoryOffsetY": 0,
    "renderBgLayer": false,
    "doesPauseGame": false,
    "components": [
      {
        "type": "image",
        "data": {
          "image": "book.png",
          "use1Xscale": false,
          "name": "book.png",
          "x": 121,
          "y": 27
        }
      },
      {
        "type": "button",
        "data": {
          "text": "Choose This Race",
          "onClick": {
            "name": "ChoseHumanRace"
          },
          "width": 108,
          "height": 20,
          "name": "Choose This Race",
          "x": 161,
          "y": 137
        }
      },
      {
        "type": "button",
        "data": {
          "text": ">",
          "onClick": {
            "name": "HumanNextPage"
          },
          "width": 30,
          "height": 20,
          "name": ">",
          "x": 233,
          "y": 170
        }
      },
      {
        "type": "button",
        "data": {
          "text": "<",
          "onClick": {
            "name": "HumanPreviousPage"
          },
          "width": 30,
          "height": 20,
          "name": "<",
          "x": 164,
          "y": 170
        }
      },
      {
        "type": "label",
        "data": {
          "text": "HUMAN",
          "color": {
            "value": -16777216,
            "falpha": 0.0
          },
          "name": "HUMAN",
          "x": 195,
          "y": 44
        }
      },
      {
        "type": "label",
        "data": {
          "text": "As one of the last",
          "color": {
            "value": -16777216,
            "falpha": 0.0
          },
          "name": "As one of the last",
          "x": 167,
          "y": 66
        }
      },
      {
        "type": "label",
        "data": {
          "text": "Humans alive,",
          "color": {
            "value": -16777216,
            "falpha": 0.0
          },
          "name": "Humans alive,",
          "x": 182,
          "y": 79
        }
      },
      {
        "type": "label",
        "data": {
          "text": "You must survive",
          "color": {
            "value": -16777216,
            "falpha": 0.0
          },
          "name": "You must survive",
          "x": 171,
          "y": 92
        }
      },
      {
        "type": "label",
        "data": {
          "text": "and thrive in a",
          "color": {
            "value": -16777216,
            "falpha": 0.0
          },
          "name": "and thrive in a",
          "x": 174,
          "y": 105
        }
      },
      {
        "type": "label",
        "data": {
          "text": "ruthless world.",
          "color": {
            "value": -16777216,
            "falpha": 0.0
          },
          "name": "ruthless world.",
          "x": 176,
          "y": 119
        }
      },
      {
        "type": "image",
        "data": {
          "image": "human.png",
          "use1Xscale": false,
          "name": "human.png",
          "x": 204,
          "y": 170
        }
      }
    ],
    "onClosed": {
      "name": "ChooseRacePagesClosed"
    },
    "gridSettings": {
      "sx": 18,
      "sy": 18,
      "ox": 11,
      "oy": 15,
      "snapOnGrid": true
    }
  }
}