{
  "_fv": 24,
  "_type": "gui",
  "definition": {
    "type": 0,
    "width": 176,
    "height": 166,
    "inventoryOffsetX": 0,
    "inventoryOffsetY": 0,
    "renderBgLayer": false,
    "doesPauseGame": false,
    "components": [
      {
        "type": "image",
        "data": {
          "image": "book.png",
          "use1Xscale": false,
          "name": "book.png",
          "x": 121,
          "y": 27
        }
      },
      {
        "type": "button",
        "data": {
          "text": "Choose This Race",
          "onClick": {
            "name": "ChoseRoseianRace"
          },
          "width": 108,
          "height": 20,
          "name": "Choose This Race",
          "x": 161,
          "y": 137
        }
      },
      {
        "type": "button",
        "data": {
          "text": ">",
          "onClick": {
            "name": "RoseianNextPage"
          },
          "width": 30,
          "height": 20,
          "name": ">",
          "x": 233,
          "y": 170
        }
      },
      {
        "type": "button",
        "data": {
          "text": "<",
          "onClick": {
            "name": "RoseianPreviousPage"
          },
          "width": 30,
          "height": 20,
          "name": "<",
          "x": 164,
          "y": 170
        }
      },
      {
        "type": "label",
        "data": {
          "text": "ROSEIAN",
          "color": {
            "value": -16777216,
            "falpha": 0.0
          },
          "name": "ROSEIAN",
          "x": 192,
          "y": 44
        }
      },
      {
        "type": "image",
        "data": {
          "image": "roseian.png",
          "use1Xscale": false,
          "name": "roseian.png",
          "x": 204,
          "y": 170
        }
      },
      {
        "type": "label",
        "data": {
          "text": "The Roseians are not",
          "color": {
            "value": -16777216,
            "falpha": 0.0
          },
          "name": "The Roseians are not",
          "x": 161,
          "y": 64
        }
      },
      {
        "type": "label",
        "data": {
          "text": "strong on their own,",
          "color": {
            "value": -16777216,
            "falpha": 0.0
          },
          "name": "strong on their own,",
          "x": 162,
          "y": 80
        }
      },
      {
        "type": "label",
        "data": {
          "text": "as they prefer to heal",
          "color": {
            "value": -16777216,
            "falpha": 0.0
          },
          "name": "as they prefer to heal",
          "x": 157,
          "y": 96
        }
      },
      {
        "type": "label",
        "data": {
          "text": "themselves and others.",
          "color": {
            "value": -16777216,
            "falpha": 0.0
          },
          "name": "themselves and others.",
          "x": 158,
          "y": 113
        }
      }
    ],
    "onClosed": {
      "name": "ChooseRacePagesClosed"
    },
    "gridSettings": {
      "sx": 18,
      "sy": 18,
      "ox": 11,
      "oy": 15,
      "snapOnGrid": false
    }
  }
}