{
  "_fv": 24,
  "_type": "gui",
  "definition": {
    "type": 0,
    "width": 176,
    "height": 166,
    "inventoryOffsetX": 0,
    "inventoryOffsetY": 0,
    "renderBgLayer": false,
    "doesPauseGame": false,
    "components": [
      {
        "type": "image",
        "data": {
          "image": "book.png",
          "use1Xscale": false,
          "name": "book.png",
          "x": 121,
          "y": 27
        }
      },
      {
        "type": "button",
        "data": {
          "text": "Choose This Race",
          "onClick": {
            "name": "ChoseIceianRace"
          },
          "width": 108,
          "height": 20,
          "name": "Choose This Race",
          "x": 161,
          "y": 137
        }
      },
      {
        "type": "button",
        "data": {
          "text": ">",
          "onClick": {
            "name": "IceianNextPage"
          },
          "width": 30,
          "height": 20,
          "name": ">",
          "x": 233,
          "y": 170
        }
      },
      {
        "type": "button",
        "data": {
          "text": "<",
          "onClick": {
            "name": "IceianPreviousPage"
          },
          "width": 30,
          "height": 20,
          "name": "<",
          "x": 164,
          "y": 170
        }
      },
      {
        "type": "label",
        "data": {
          "text": "ICEIAN",
          "color": {
            "value": -16777216,
            "falpha": 0.0
          },
          "name": "ICEIAN",
          "x": 194,
          "y": 44
        }
      },
      {
        "type": "label",
        "data": {
          "text": "With skin made of ice,",
          "color": {
            "value": -16777216,
            "falpha": 0.0
          },
          "name": "With skin made of ice,",
          "x": 159,
          "y": 60
        }
      },
      {
        "type": "label",
        "data": {
          "text": "the Iceians thrive in",
          "color": {
            "value": -16777216,
            "falpha": 0.0
          },
          "name": "the Iceians thrive in",
          "x": 160,
          "y": 74
        }
      },
      {
        "type": "label",
        "data": {
          "text": "the cold, and draw",
          "color": {
            "value": -16777216,
            "falpha": 0.0
          },
          "name": "the cold, and draw",
          "x": 167,
          "y": 88
        }
      },
      {
        "type": "label",
        "data": {
          "text": "their strength from",
          "color": {
            "value": -16777216,
            "falpha": 0.0
          },
          "name": "their strength from",
          "x": 162,
          "y": 102
        }
      },
      {
        "type": "label",
        "data": {
          "text": "the moon.",
          "color": {
            "value": -16777216,
            "falpha": 0.0
          },
          "name": "the moon.",
          "x": 190,
          "y": 117
        }
      },
      {
        "type": "image",
        "data": {
          "image": "iceian.png",
          "use1Xscale": false,
          "name": "iceian.png",
          "x": 204,
          "y": 170
        }
      }
    ],
    "onClosed": {
      "name": "ChooseRacePagesClosed"
    },
    "gridSettings": {
      "sx": 18,
      "sy": 18,
      "ox": 11,
      "oy": 15,
      "snapOnGrid": false
    }
  }
}