{
  "_fv": 24,
  "_type": "gui",
  "definition": {
    "type": 0,
    "width": 176,
    "height": 166,
    "inventoryOffsetX": 0,
    "inventoryOffsetY": 0,
    "renderBgLayer": false,
    "doesPauseGame": false,
    "components": [
      {
        "type": "image",
        "data": {
          "image": "book.png",
          "use1Xscale": false,
          "name": "book.png",
          "x": 121,
          "y": 27
        }
      },
      {
        "type": "button",
        "data": {
          "text": "Choose This Race",
          "onClick": {
            "name": "ChoseEmberianRace"
          },
          "width": 108,
          "height": 20,
          "name": "Choose This Race",
          "x": 161,
          "y": 137
        }
      },
      {
        "type": "button",
        "data": {
          "text": ">",
          "onClick": {
            "name": "EmberianNextPage"
          },
          "width": 30,
          "height": 20,
          "name": ">",
          "x": 233,
          "y": 170
        }
      },
      {
        "type": "button",
        "data": {
          "text": "<",
          "onClick": {
            "name": "EmberianPreviousPage"
          },
          "width": 30,
          "height": 20,
          "name": "<",
          "x": 164,
          "y": 170
        }
      },
      {
        "type": "label",
        "data": {
          "text": "EMBERIAN",
          "color": {
            "value": -16777216,
            "falpha": 0.0
          },
          "name": "EMBERIAN",
          "x": 190,
          "y": 44
        }
      },
      {
        "type": "image",
        "data": {
          "image": "emberian.png",
          "use1Xscale": false,
          "name": "emberian.png",
          "x": 204,
          "y": 170
        }
      },
      {
        "type": "label",
        "data": {
          "text": "Born from flames,",
          "color": {
            "value": -16777216,
            "falpha": 0.0
          },
          "name": "Born from flames,",
          "x": 171,
          "y": 62
        }
      },
      {
        "type": "label",
        "data": {
          "text": "the Emberians prefer",
          "color": {
            "value": -16777216,
            "falpha": 0.0
          },
          "name": "the Emberians prefer",
          "x": 162,
          "y": 75
        }
      },
      {
        "type": "label",
        "data": {
          "text": "to live in the heat",
          "color": {
            "value": -16777216,
            "falpha": 0.0
          },
          "name": "to live in the heat",
          "x": 164,
          "y": 88
        }
      },
      {
        "type": "label",
        "data": {
          "text": "and are weakened",
          "color": {
            "value": -16777216,
            "falpha": 0.0
          },
          "name": "and are weakened",
          "x": 170,
          "y": 102
        }
      },
      {
        "type": "label",
        "data": {
          "text": "by the cold.",
          "color": {
            "value": -16777216,
            "falpha": 0.0
          },
          "name": "by the cold.",
          "x": 181,
          "y": 117
        }
      }
    ],
    "onClosed": {
      "name": "ChooseRacePagesClosed"
    },
    "gridSettings": {
      "sx": 18,
      "sy": 18,
      "ox": 11,
      "oy": 15,
      "snapOnGrid": false
    }
  }
}