{
  "_fv": 24,
  "_type": "gui",
  "definition": {
    "type": 0,
    "width": 176,
    "height": 166,
    "inventoryOffsetX": 0,
    "inventoryOffsetY": 0,
    "renderBgLayer": false,
    "doesPauseGame": false,
    "components": [
      {
        "type": "image",
        "data": {
          "image": "book.png",
          "use1Xscale": false,
          "name": "book.png",
          "x": 121,
          "y": 27
        }
      },
      {
        "type": "button",
        "data": {
          "text": "Choose This Race",
          "onClick": {
            "name": "ChoseFairieRace"
          },
          "width": 108,
          "height": 20,
          "name": "Choose This Race",
          "x": 161,
          "y": 137
        }
      },
      {
        "type": "button",
        "data": {
          "text": ">",
          "onClick": {
            "name": "FairieNextPage"
          },
          "width": 30,
          "height": 20,
          "name": ">",
          "x": 233,
          "y": 170
        }
      },
      {
        "type": "button",
        "data": {
          "text": "<",
          "onClick": {
            "name": "FairiePreviousPage"
          },
          "width": 30,
          "height": 20,
          "name": "<",
          "x": 164,
          "y": 170
        }
      },
      {
        "type": "label",
        "data": {
          "text": "FAIRIE",
          "color": {
            "value": -16777216,
            "falpha": 0.0
          },
          "name": "FAIRIE",
          "x": 194,
          "y": 44
        }
      },
      {
        "type": "image",
        "data": {
          "image": "fairie.png",
          "use1Xscale": false,
          "name": "fairie.png",
          "x": 204,
          "y": 170
        }
      },
      {
        "type": "label",
        "data": {
          "text": "The Fairies are a",
          "color": {
            "value": -16777216,
            "falpha": 0.0
          },
          "name": "The Fairies are a",
          "x": 166,
          "y": 62
        }
      },
      {
        "type": "label",
        "data": {
          "text": "mystical and secretive",
          "color": {
            "value": -16777216,
            "falpha": 0.0
          },
          "name": "mystical and secretive",
          "x": 158,
          "y": 78
        }
      },
      {
        "type": "label",
        "data": {
          "text": "race that guard the",
          "color": {
            "value": -16777216,
            "falpha": 0.0
          },
          "name": "race that guard the",
          "x": 164,
          "y": 95
        }
      },
      {
        "type": "label",
        "data": {
          "text": "ancient art of magic.",
          "color": {
            "value": -16777216,
            "falpha": 0.0
          },
          "name": "ancient art of magic.",
          "x": 161,
          "y": 112
        }
      }
    ],
    "onClosed": {
      "name": "ChooseRacePagesClosed"
    },
    "gridSettings": {
      "sx": 18,
      "sy": 18,
      "ox": 11,
      "oy": 15,
      "snapOnGrid": false
    }
  }
}