{
  "_fv": 24,
  "_type": "gui",
  "definition": {
    "type": 0,
    "width": 176,
    "height": 166,
    "inventoryOffsetX": 0,
    "inventoryOffsetY": 0,
    "renderBgLayer": false,
    "doesPauseGame": false,
    "components": [
      {
        "type": "image",
        "data": {
          "image": "book.png",
          "use1Xscale": false,
          "name": "book.png",
          "x": 121,
          "y": 27
        }
      },
      {
        "type": "button",
        "data": {
          "text": "Choose This Race",
          "onClick": {
            "name": "ChoseOniRace"
          },
          "width": 108,
          "height": 20,
          "name": "Choose This Race",
          "x": 161,
          "y": 137
        }
      },
      {
        "type": "button",
        "data": {
          "text": ">",
          "onClick": {
            "name": "OniNextPage"
          },
          "width": 30,
          "height": 20,
          "name": ">",
          "x": 233,
          "y": 170
        }
      },
      {
        "type": "button",
        "data": {
          "text": "<",
          "onClick": {
            "name": "OniPreviousPage"
          },
          "width": 30,
          "height": 20,
          "name": "<",
          "x": 164,
          "y": 170
        }
      },
      {
        "type": "label",
        "data": {
          "text": "ONI",
          "color": {
            "value": -16777216,
            "falpha": 0.0
          },
          "name": "ONI",
          "x": 202,
          "y": 44
        }
      },
      {
        "type": "label",
        "data": {
          "text": "A prideful and strong",
          "color": {
            "value": -16777216,
            "falpha": 0.0
          },
          "name": "A prideful and strong",
          "x": 160,
          "y": 65
        }
      },
      {
        "type": "label",
        "data": {
          "text": "race, the Oni live",
          "color": {
            "value": -16777216,
            "falpha": 0.0
          },
          "name": "race, the Oni live",
          "x": 166,
          "y": 79
        }
      },
      {
        "type": "label",
        "data": {
          "text": "within the Deepwoods",
          "color": {
            "value": -16777216,
            "falpha": 0.0
          },
          "name": "within the Deepwoods",
          "x": 163,
          "y": 93
        }
      },
      {
        "type": "label",
        "data": {
          "text": "and are not friendly",
          "color": {
            "value": -16777216,
            "falpha": 0.0
          },
          "name": "and are not friendly",
          "x": 163,
          "y": 107
        }
      },
      {
        "type": "label",
        "data": {
          "text": "to strangers.",
          "color": {
            "value": -16777216,
            "falpha": 0.0
          },
          "name": "to strangers.",
          "x": 179,
          "y": 120
        }
      },
      {
        "type": "image",
        "data": {
          "image": "oni_brute.png",
          "use1Xscale": false,
          "name": "oni_brute.png",
          "x": 204,
          "y": 170
        }
      }
    ],
    "onClosed": {
      "name": "ChooseRacePagesClosed"
    },
    "gridSettings": {
      "sx": 18,
      "sy": 18,
      "ox": 11,
      "oy": 15,
      "snapOnGrid": false
    }
  }
}