{
  "_fv": 24,
  "_type": "achievement",
  "definition": {
    "achievementName": "Chose Race",
    "achievementDescription": "-",
    "achievementIcon": {
      "value": "Items.WRITABLE_BOOK"
    },
    "background": "Default",
    "disableDisplay": true,
    "showPopup": false,
    "announceToChat": false,
    "hideIfNotCompleted": true,
    "rewardLoot": [],
    "rewardRecipes": [],
    "rewardFunction": "No function",
    "rewardXP": 0,
    "achievementType": "task",
    "parent": {
      "value": "No parent: root"
    },
    "triggerxml": "<xml xmlns=\"https://developers.google.com/blockly/xml\"><block type=\"custom_trigger\" x=\"27\" y=\"42\"><next><block type=\"advancement_trigger\" deletable=\"false\"></block></next></block></xml>"
  }
}