{
  "_fv": 24,
  "_type": "biome",
  "definition": {
    "name": "Deepwoods",
    "groundBlock": {
      "value": "Blocks.GRASS"
    },
    "undergroundBlock": {
      "value": "Blocks.ROOTED_DIRT"
    },
    "grassColor": {
      "value": -9597611,
      "falpha": 0.0
    },
    "foliageColor": {
      "value": -9289960,
      "falpha": 0.0
    },
    "ambientSound": {
      "value": ""
    },
    "additionsSound": {
      "value": ""
    },
    "music": {
      "value": ""
    },
    "moodSound": {
      "value": ""
    },
    "moodSoundDelay": 6000,
    "spawnParticles": false,
    "particleToSpawn": {
      "value": "EXPLOSION_NORMAL"
    },
    "particlesProbability": 0.5,
    "biomeCategory": "TAIGA",
    "parent": {
      "value": "No parent"
    },
    "rainingPossibility": 0.5,
    "temperature": 0.25,
    "baseHeight": 0.1,
    "heightVariation": 0.1,
    "biomeType": "COOL",
    "spawnBiome": false,
    "biomeWeight": 10,
    "biomeDictionaryTypes": [
      "FOREST",
      "CONIFEROUS"
    ],
    "grassPerChunk": 6,
    "seagrassPerChunk": 6,
    "flowersPerChunk": 0,
    "mushroomsPerChunk": 1,
    "bigMushroomsChunk": 0,
    "sandPatchesPerChunk": 0,
    "gravelPatchesPerChunk": 9,
    "reedsPerChunk": 5,
    "cactiPerChunk": 0,
    "treesPerChunk": 4,
    "vanillaTreeType": "Mega spruce trees",
    "treeType": 1,
    "minHeight": 20,
    "treeStem": {
      "value": "CUSTOM:RedspruceLog"
    },
    "treeBranch": {
      "value": "CUSTOM:RedspruceLeaves"
    },
    "treeVines": {
      "value": ""
    },
    "treeFruits": {
      "value": ""
    },
    "spawnStronghold": false,
    "spawnMineshaft": false,
    "spawnMineshaftMesa": false,
    "spawnPillagerOutpost": false,
    "villageType": "none",
    "spawnWoodlandMansion": false,
    "spawnJungleTemple": false,
    "spawnDesertPyramid": false,
    "spawnSwampHut": false,
    "spawnIgloo": false,
    "spawnOceanMonument": false,
    "spawnShipwreck": false,
    "spawnShipwreckBeached": false,
    "spawnBuriedTreasure": false,
    "oceanRuinType": "NONE",
    "spawnNetherBridge": false,
    "spawnNetherFossil": false,
    "spawnBastionRemnant": false,
    "spawnEndCity": false,
    "spawnRuinedPortal": "NONE",
    "defaultFeatures": [
      "Ores",
      "ReedsAndPumpkins",
      "Dripstone",
      "TaigaGrassDeadBushesMushrooms",
      "TaigaLargeFerns"
    ],
    "spawnEntries": [
      {
        "entity": {
          "value": "EntityWolf"
        },
        "minGroup": 3,
        "maxGroup": 4,
        "weight": 4,
        "spawnType": "creature"
      }
    ]
  }
}