{
  "_fv": 24,
  "_type": "tag",
  "definition": {
    "type": "Entities",
    "items": [],
    "blocks": [],
    "functions": [],
    "entities": [
      {
        "value": "CUSTOM:RoseianPlayerChildMale"
      },
      {
        "value": "CUSTOM:RoseianPlayerChildFemale"
      },
      {
        "value": "CUSTOM:OniPlayerChildMale"
      },
      {
        "value": "CUSTOM:OniPlayerChildFemale"
      },
      {
        "value": "CUSTOM:IceianPlayerChildMale"
      },
      {
        "value": "CUSTOM:FairiePlayerChildMale"
      },
      {
        "value": "CUSTOM:FairiePlayerChildFemale"
      },
      {
        "value": "CUSTOM:EmberianPlayerChildMale"
      },
      {
        "value": "CUSTOM:EmberianPlayerChildFemale"
      },
      {
        "value": "CUSTOM:IceianPlayerChildFemale"
      }
    ],
    "name": "descendants",
    "namespace": "mod"
  }
}