{
  "_fv": 24,
  "_type": "livingentity",
  "definition": {
    "mobName": "Elk",
    "mobLabel": "",
    "mobModelName": "Modelelk",
    "mobModelTexture": "elk.png",
    "mobModelGlowTexture": "",
    "modelWidth": 1.4,
    "modelHeight": 1.5999999999999999,
    "modelShadowSize": 0.7999999999999999,
    "mountedYOffset": 0.0,
    "hasSpawnEgg": true,
    "spawnEggBaseColor": {
      "value": -5866907,
      "falpha": 0.0
    },
    "spawnEggDotColor": {
      "value": -12505311,
      "falpha": 0.0
    },
    "creativeTab": {
      "value": "MISC"
    },
    "isBoss": false,
    "bossBarColor": "PINK",
    "bossBarType": "PROGRESS",
    "equipmentMainHand": {
      "value": ""
    },
    "equipmentOffHand": {
      "value": ""
    },
    "equipmentHelmet": {
      "value": ""
    },
    "equipmentBody": {
      "value": ""
    },
    "equipmentLeggings": {
      "value": ""
    },
    "equipmentBoots": {
      "value": ""
    },
    "mobBehaviourType": "Mob",
    "mobCreatureType": "UNDEFINED",
    "attackStrength": 6,
    "attackKnockback": 1.0,
    "knockbackResistance": 0.5,
    "movementSpeed": 0.32,
    "armorBaseValue": 0.0,
    "trackingRange": 64,
    "health": 35,
    "xpAmount": 10,
    "waterMob": false,
    "flyingMob": false,
    "guiBoundTo": "<NONE>",
    "inventorySize": 9,
    "inventoryStackSize": 64,
    "disableCollisions": false,
    "ridable": true,
    "canControlForward": true,
    "canControlStrafe": false,
    "immuneToFire": false,
    "immuneToArrows": false,
    "immuneToFallDamage": false,
    "immuneToCactus": false,
    "immuneToDrowning": false,
    "immuneToLightning": false,
    "immuneToPotions": false,
    "immuneToPlayer": false,
    "immuneToExplosion": false,
    "immuneToTrident": false,
    "immuneToAnvil": false,
    "immuneToWither": false,
    "immuneToDragonBreath": false,
    "mobDrop": {
      "value": ""
    },
    "livingSound": {
      "value": ""
    },
    "hurtSound": {
      "value": "entity.generic.hurt"
    },
    "deathSound": {
      "value": "entity.generic.death"
    },
    "stepSound": {
      "value": ""
    },
    "spawnParticles": false,
    "particleToSpawn": {
      "value": "EXPLOSION_NORMAL"
    },
    "particleSpawningShape": "Spread",
    "particleSpawningRadious": 0.5,
    "particleAmount": 4,
    "hasAI": true,
    "aiBase": "Horse",
    "aixml": "<xml xmlns=\"https://developers.google.com/blockly/xml\"><block type=\"aitasks_container\" deletable=\"false\" x=\"40\" y=\"40\"><next><block type=\"panic_when_attacked\"><field name=\"speed\">1.2</field><field name=\"condition\">null,null</field><next><block type=\"follow_parent\"><field name=\"speed\">0.8</field><field name=\"condition\">null,null</field><next><block type=\"watch_closest_entity\"><field name=\"radius\">15</field><field name=\"entity\">EntityPlayer</field><field name=\"condition\">null,null</field><next><block type=\"watch_closest_entity\"><field name=\"radius\">10</field><field name=\"entity\">EntityMob</field><field name=\"condition\">null,null</field><next><block type=\"avoid_entity\"><field name=\"radius\">6</field><field name=\"farspeed\">1</field><field name=\"nearspeed\">1.2</field><field name=\"entity\">EntityPlayer</field><field name=\"condition\">null,null</field><next><block type=\"avoid_entity\"><field name=\"radius\">6</field><field name=\"farspeed\">1</field><field name=\"nearspeed\">1.2</field><field name=\"entity\">EntityMob</field><field name=\"condition\">null,null</field><next><block type=\"wander_avoid_water\"><field name=\"speed\">0.8</field><field name=\"condition\">null,null</field><next><block type=\"look_around\"><field name=\"condition\">null,null</field><next><block type=\"swim_in_water\"><field name=\"condition\">null,null</field></block></next></block></next></block></next></block></next></block></next></block></next></block></next></block></next></block></next></block></xml>",
    "breedable": true,
    "tameable": false,
    "breedTriggerItems": [
      {
        "value": "Items.WHEAT"
      }
    ],
    "ranged": false,
    "rangedAttackItem": {
      "value": ""
    },
    "rangedItemType": "Default item",
    "spawnThisMob": true,
    "doesDespawnWhenIdle": false,
    "spawningProbability": 5,
    "mobSpawningType": "creature",
    "minNumberOfMobsPerGroup": 4,
    "maxNumberOfMobsPerGroup": 6,
    "restrictionBiomes": [
      {
        "value": "CUSTOM:Deepwoods"
      }
    ],
    "spawnInDungeons": false
  }
}