{
  "_fv": 24,
  "_type": "tag",
  "definition": {
    "type": "Entities",
    "items": [],
    "blocks": [],
    "functions": [],
    "entities": [
      {
        "value": "CUSTOM:EmberianMale"
      },
      {
        "value": "CUSTOM:EmberianFemale"
      },
      {
        "value": "CUSTOM:EmberianChildMale"
      },
      {
        "value": "CUSTOM:EmberianChildFemale"
      },
      {
        "value": "CUSTOM:EmberianWarrior"
      },
      {
        "value": "CUSTOM:EmberianGuard"
      },
      {
        "value": "CUSTOM:EmberianPlayerChildMale"
      },
      {
        "value": "CUSTOM:EmberianPlayerChildFemale"
      },
      {
        "value": "CUSTOM:EmberianMalePrisoner"
      }
    ],
    "name": "emberians",
    "namespace": "mod"
  }
}