{
  "_fv": 24,
  "_type": "biome",
  "definition": {
    "name": "Emberia",
    "groundBlock": {
      "value": "CUSTOM:Cindergrass"
    },
    "undergroundBlock": {
      "value": "CUSTOM:Ash"
    },
    "airColor": {
      "value": -28135,
      "falpha": 0.0
    },
    "grassColor": {
      "value": -29151,
      "falpha": 0.0
    },
    "foliageColor": {
      "value": -9621232,
      "falpha": 0.0
    },
    "waterColor": {
      "value": -5162496,
      "falpha": 0.0
    },
    "waterFogColor": {
      "value": -7328000,
      "falpha": 0.0
    },
    "ambientSound": {
      "value": ""
    },
    "additionsSound": {
      "value": ""
    },
    "music": {
      "value": ""
    },
    "moodSound": {
      "value": ""
    },
    "moodSoundDelay": 6000,
    "spawnParticles": true,
    "particleToSpawn": {
      "value": "ASH"
    },
    "particlesProbability": 0.3,
    "biomeCategory": "DESERT",
    "parent": {
      "value": "No parent"
    },
    "rainingPossibility": 0.0,
    "temperature": 2.0,
    "baseHeight": 0.1,
    "heightVariation": 0.1,
    "biomeType": "DESERT",
    "spawnBiome": false,
    "biomeWeight": 10,
    "biomeDictionaryTypes": [
      "SAVANNA"
    ],
    "grassPerChunk": 0,
    "seagrassPerChunk": 0,
    "flowersPerChunk": 0,
    "mushroomsPerChunk": 0,
    "bigMushroomsChunk": 0,
    "sandPatchesPerChunk": 0,
    "gravelPatchesPerChunk": 0,
    "reedsPerChunk": 0,
    "cactiPerChunk": 0,
    "treesPerChunk": 1,
    "vanillaTreeType": "Savanna trees",
    "treeType": 1,
    "minHeight": 10,
    "treeStem": {
      "value": "CUSTOM:CinderbarkLog"
    },
    "treeBranch": {
      "value": "CUSTOM:CinderbarkLeaves"
    },
    "treeVines": {
      "value": ""
    },
    "treeFruits": {
      "value": ""
    },
    "spawnStronghold": false,
    "spawnMineshaft": false,
    "spawnMineshaftMesa": false,
    "spawnPillagerOutpost": false,
    "villageType": "none",
    "spawnWoodlandMansion": false,
    "spawnJungleTemple": false,
    "spawnDesertPyramid": false,
    "spawnSwampHut": false,
    "spawnIgloo": false,
    "spawnOceanMonument": false,
    "spawnShipwreck": false,
    "spawnShipwreckBeached": false,
    "spawnBuriedTreasure": false,
    "oceanRuinType": "NONE",
    "spawnNetherBridge": false,
    "spawnNetherFossil": false,
    "spawnBastionRemnant": false,
    "spawnEndCity": false,
    "spawnRuinedPortal": "NONE",
    "defaultFeatures": [
      "Ores"
    ],
    "spawnEntries": []
  }
}