{
  "_fv": 24,
  "_type": "biome",
  "definition": {
    "name": "Enchantia",
    "groundBlock": {
      "value": "CUSTOM:MysticMoss"
    },
    "undergroundBlock": {
      "value": "CUSTOM:EnchantedSoil"
    },
    "airColor": {
      "value": -3645198,
      "falpha": 0.0
    },
    "grassColor": {
      "value": -6672187,
      "falpha": 0.0
    },
    "foliageColor": {
      "value": -6672187,
      "falpha": 0.0
    },
    "waterColor": {
      "value": -10026608,
      "falpha": 0.0
    },
    "waterFogColor": {
      "value": -12124061,
      "falpha": 0.0
    },
    "ambientSound": {
      "value": ""
    },
    "additionsSound": {
      "value": ""
    },
    "music": {
      "value": ""
    },
    "moodSound": {
      "value": ""
    },
    "moodSoundDelay": 6000,
    "spawnParticles": true,
    "particleToSpawn": {
      "value": "ENCHANTMENT_TABLE"
    },
    "particlesProbability": 0.25,
    "biomeCategory": "FOREST",
    "parent": {
      "value": "CUSTOM:Enchantia"
    },
    "rainingPossibility": 0.5,
    "temperature": 0.7999999999999999,
    "baseHeight": 0.1,
    "heightVariation": 0.1,
    "biomeType": "WARM",
    "spawnBiome": false,
    "biomeWeight": 10,
    "biomeDictionaryTypes": [
      "FOREST",
      "MAGICAL"
    ],
    "grassPerChunk": 0,
    "seagrassPerChunk": 0,
    "flowersPerChunk": 0,
    "mushroomsPerChunk": 0,
    "bigMushroomsChunk": 0,
    "sandPatchesPerChunk": 0,
    "gravelPatchesPerChunk": 0,
    "reedsPerChunk": 0,
    "cactiPerChunk": 0,
    "treesPerChunk": 3,
    "vanillaTreeType": "Big trees",
    "treeType": 1,
    "minHeight": 15,
    "treeStem": {
      "value": "CUSTOM:MystwoodLog"
    },
    "treeBranch": {
      "value": "CUSTOM:MystwoodLeaves"
    },
    "treeVines": {
      "value": ""
    },
    "treeFruits": {
      "value": ""
    },
    "spawnStronghold": false,
    "spawnMineshaft": false,
    "spawnMineshaftMesa": false,
    "spawnPillagerOutpost": false,
    "villageType": "none",
    "spawnWoodlandMansion": false,
    "spawnJungleTemple": false,
    "spawnDesertPyramid": false,
    "spawnSwampHut": false,
    "spawnIgloo": false,
    "spawnOceanMonument": false,
    "spawnShipwreck": false,
    "spawnShipwreckBeached": false,
    "spawnBuriedTreasure": false,
    "oceanRuinType": "NONE",
    "spawnNetherBridge": false,
    "spawnNetherFossil": false,
    "spawnBastionRemnant": false,
    "spawnEndCity": false,
    "spawnRuinedPortal": "NONE",
    "defaultFeatures": [
      "Ores"
    ],
    "spawnEntries": []
  }
}