{
  "_fv": 24,
  "_type": "achievement",
  "definition": {
    "achievementName": "Entering a World Beyond",
    "achievementDescription": "Enter the Otherworld if you're Human, or enter the Overworld if you're an Otheran",
    "achievementIcon": {
      "value": "CUSTOM:Otherstone"
    },
    "background": "Default",
    "disableDisplay": false,
    "showPopup": true,
    "announceToChat": true,
    "hideIfNotCompleted": false,
    "rewardLoot": [],
    "rewardRecipes": [],
    "rewardFunction": "No function",
    "rewardXP": 0,
    "achievementType": "task",
    "parent": {
      "value": "CUSTOM:OtherworldAdvancements"
    },
    "triggerxml": "<xml xmlns=\"https://developers.google.com/blockly/xml\"><block type=\"custom_trigger\" x=\"57\" y=\"74\"><next><block type=\"advancement_trigger\" deletable=\"false\"></block></next></block></xml>"
  }
}