{
  "_fv": 24,
  "_type": "tag",
  "definition": {
    "type": "Entities",
    "items": [],
    "blocks": [],
    "functions": [],
    "entities": [
      {
        "value": "CUSTOM:FairieMale"
      },
      {
        "value": "CUSTOM:FairieFemale"
      },
      {
        "value": "CUSTOM:FairieChildMale"
      },
      {
        "value": "CUSTOM:FairieChildFemale"
      },
      {
        "value": "CUSTOM:FairieNinja"
      },
      {
        "value": "CUSTOM:FairiePlayerChildMale"
      },
      {
        "value": "CUSTOM:FairiePlayerChildFemale"
      }
    ],
    "name": "fairies",
    "namespace": "mod"
  }
}