{
  "_fv": 24,
  "_type": "tag",
  "definition": {
    "type": "Items",
    "items": [
      {
        "value": "CUSTOM:RedspruceWood"
      },
      {
        "value": "CUSTOM:RedspruceLog"
      },
      {
        "value": "CUSTOM:RosewoodWood"
      },
      {
        "value": "CUSTOM:RosewoodLog"
      },
      {
        "value": "CUSTOM:MystwoodWood"
      },
      {
        "value": "CUSTOM:MystwoodLog"
      },
      {
        "value": "CUSTOM:CinderbarkWood"
      },
      {
        "value": "CUSTOM:CinderbarkLog"
      }
    ],
    "blocks": [],
    "functions": [],
    "entities": [],
    "name": "logs_that_burn",
    "namespace": "minecraft"
  }
}