{
  "_fv": 24,
  "_type": "biome",
  "definition": {
    "name": "Glaceia",
    "groundBlock": {
      "value": "CUSTOM:Permafrost"
    },
    "undergroundBlock": {
      "value": "CUSTOM:Frostsilt"
    },
    "airColor": {
      "value": -3479297,
      "falpha": 0.0
    },
    "grassColor": {
      "value": -9391388,
      "falpha": 0.0
    },
    "foliageColor": {
      "value": -9391388,
      "falpha": 0.0
    },
    "waterColor": {
      "value": -16755307,
      "falpha": 0.0
    },
    "waterFogColor": {
      "value": -16763813,
      "falpha": 0.0
    },
    "ambientSound": {
      "value": ""
    },
    "additionsSound": {
      "value": ""
    },
    "music": {
      "value": ""
    },
    "moodSound": {
      "value": ""
    },
    "moodSoundDelay": 6000,
    "spawnParticles": true,
    "particleToSpawn": {
      "value": "WHITE_ASH"
    },
    "particlesProbability": 0.3,
    "biomeCategory": "ICY",
    "parent": {
      "value": "CUSTOM:GlaceianPeaks"
    },
    "rainingPossibility": 0.5,
    "temperature": -1.0,
    "baseHeight": 0.1,
    "heightVariation": 0.1,
    "biomeType": "ICY",
    "spawnBiome": false,
    "biomeWeight": 10,
    "biomeDictionaryTypes": [
      "SNOWY"
    ],
    "grassPerChunk": 0,
    "seagrassPerChunk": 0,
    "flowersPerChunk": 0,
    "mushroomsPerChunk": 0,
    "bigMushroomsChunk": 0,
    "sandPatchesPerChunk": 0,
    "gravelPatchesPerChunk": 0,
    "reedsPerChunk": 0,
    "cactiPerChunk": 0,
    "treesPerChunk": 2,
    "vanillaTreeType": "Mega pine trees",
    "treeType": 1,
    "minHeight": 10,
    "treeStem": {
      "value": "CUSTOM:IcewoodLog"
    },
    "treeBranch": {
      "value": "CUSTOM:IcewoodLeaves"
    },
    "treeVines": {
      "value": ""
    },
    "treeFruits": {
      "value": ""
    },
    "spawnStronghold": false,
    "spawnMineshaft": false,
    "spawnMineshaftMesa": false,
    "spawnPillagerOutpost": false,
    "villageType": "none",
    "spawnWoodlandMansion": false,
    "spawnJungleTemple": false,
    "spawnDesertPyramid": false,
    "spawnSwampHut": false,
    "spawnIgloo": false,
    "spawnOceanMonument": false,
    "spawnShipwreck": false,
    "spawnShipwreckBeached": false,
    "spawnBuriedTreasure": false,
    "oceanRuinType": "NONE",
    "spawnNetherBridge": false,
    "spawnNetherFossil": false,
    "spawnBastionRemnant": false,
    "spawnEndCity": false,
    "spawnRuinedPortal": "NONE",
    "defaultFeatures": [
      "Ores",
      "FrozenTopLayer"
    ],
    "spawnEntries": []
  }
}