{
  "_fv": 24,
  "_type": "tag",
  "definition": {
    "type": "Entities",
    "items": [],
    "blocks": [],
    "functions": [],
    "entities": [
      {
        "value": "CUSTOM:IceianMale"
      },
      {
        "value": "CUSTOM:IceianFemale"
      },
      {
        "value": "CUSTOM:IceianChildMale"
      },
      {
        "value": "CUSTOM:IceianChildFemale"
      },
      {
        "value": "CUSTOM:IceianWarrior"
      },
      {
        "value": "CUSTOM:IceianGuard"
      },
      {
        "value": "CUSTOM:IceianPlayerChildMale"
      },
      {
        "value": "CUSTOM:IceianPlayerChildFemale"
      },
      {
        "value": "CUSTOM:IceianMalePrisoner"
      }
    ],
    "name": "iceians",
    "namespace": "mod"
  }
}