{
  "_fv": 24,
  "_type": "tag",
  "definition": {
    "type": "Blocks",
    "items": [],
    "blocks": [
      {
        "value": "CUSTOM:RedspruceLeaves"
      },
      {
        "value": "CUSTOM:RosewoodLeaves"
      },
      {
        "value": "CUSTOM:IcewoodLeaves"
      },
      {
        "value": "CUSTOM:CinderbarkLeaves"
      },
      {
        "value": "CUSTOM:MystwoodLeaves"
      }
    ],
    "functions": [],
    "entities": [],
    "name": "leaves",
    "namespace": "minecraft"
  }
}