{
  "_fv": 24,
  "_type": "tag",
  "definition": {
    "type": "Blocks",
    "items": [],
    "blocks": [
      {
        "value": "CUSTOM:RedspruceWood"
      },
      {
        "value": "CUSTOM:RedspruceLog"
      },
      {
        "value": "CUSTOM:RosewoodWood"
      },
      {
        "value": "CUSTOM:RosewoodLog"
      },
      {
        "value": "CUSTOM:IcewoodWood"
      },
      {
        "value": "CUSTOM:IcewoodLog"
      },
      {
        "value": "CUSTOM:CinderbarkWood"
      },
      {
        "value": "CUSTOM:CinderbarkLog"
      },
      {
        "value": "CUSTOM:MystwoodWood"
      },
      {
        "value": "CUSTOM:MystwoodLog"
      }
    ],
    "functions": [],
    "entities": [],
    "name": "logs",
    "namespace": "minecraft"
  }
}