{
  "_fv": 24,
  "_type": "tag",
  "definition": {
    "type": "Entities",
    "items": [],
    "blocks": [],
    "functions": [],
    "entities": [
      {
        "value": "CUSTOM:FaoniMale"
      },
      {
        "value": "CUSTOM:FaoniFemale"
      },
      {
        "value": "CUSTOM:FairianMale"
      },
      {
        "value": "CUSTOM:FairianFemale"
      },
      {
        "value": "CUSTOM:RoseniMale"
      },
      {
        "value": "CUSTOM:RoseniFemale"
      }
    ],
    "name": "mixed_otherans",
    "namespace": "mod"
  }
}