{
  "_fv": 24,
  "_type": "plant",
  "definition": {
    "renderType": 13,
    "texture": "mulbush_stage_0",
    "textureBottom": "",
    "customModelName": "Crop model",
    "itemTexture": "",
    "particleTexture": "",
    "tintType": "No tint",
    "isItemTinted": false,
    "plantType": "normal",
    "staticPlantGenerationType": "Flower",
    "suspiciousStewEffect": "SPEED",
    "suspiciousStewDuration": 100,
    "growapableSpawnType": "Crop",
    "growapableMaxHeight": 3,
    "doublePlantGenerationType": "Flower",
    "customBoundingBox": true,
    "disableOffset": false,
    "boundingBoxes": [
      {
        "mx": 0.0,
        "my": 0.0,
        "mz": 0.0,
        "Mx": 16.0,
        "My": 2.0,
        "Mz": 16.0,
        "subtract": false
      }
    ],
    "name": "Mulberry Bush",
    "specialInfo": [],
    "creativeTab": {
      "value": "No creative tab entry"
    },
    "hardness": 0.0,
    "resistance": 0.0,
    "luminance": 0,
    "unbreakable": false,
    "isCustomSoundType": false,
    "soundOnStep": {
      "value": "CROP"
    },
    "breakSound": {
      "value": ""
    },
    "stepSound": {
      "value": ""
    },
    "placeSound": {
      "value": ""
    },
    "hitSound": {
      "value": ""
    },
    "fallSound": {
      "value": ""
    },
    "useLootTableForDrops": true,
    "customDrop": {
      "value": ""
    },
    "dropAmount": 1,
    "forceTicking": false,
    "emissiveRendering": false,
    "hasTileEntity": false,
    "isReplaceable": false,
    "colorOnMap": "DEFAULT",
    "creativePickItem": {
      "value": "CUSTOM:MulberryBushSeeds"
    },
    "offsetType": "NONE",
    "aiPathNodeType": "DEFAULT",
    "flammability": 100,
    "fireSpreadSpeed": 60,
    "jumpFactor": 1.0,
    "speedFactor": 1.0,
    "canBePlacedOn": [
      {
        "value": "CUSTOM:EnchantedFarmland"
      }
    ],
    "frequencyOnChunks": 0,
    "spawnWorldTypes": [],
    "restrictionBiomes": [],
    "patchSize": 64
  }
}