{
  "_fv": 24,
  "_type": "food",
  "definition": {
    "renderType": 0,
    "texture": "mulberry",
    "customModelName": "Normal",
    "name": "Mulberry",
    "rarity": "COMMON",
    "specialInfo": [],
    "creativeTab": {
      "value": "FOOD"
    },
    "stackSize": 64,
    "nutritionalValue": 2,
    "saturation": 0.30000000000000004,
    "eatingSpeed": 24,
    "resultItem": {
      "value": "CUSTOM:MulberryBushSeeds"
    },
    "forDogs": false,
    "isAlwaysEdible": false,
    "animation": "eat",
    "hasGlow": false
  }
}