{
  "_fv": 24,
  "_type": "tag",
  "definition": {
    "type": "Items",
    "items": [
      {
        "value": "CUSTOM:IcewoodWood"
      },
      {
        "value": "CUSTOM:IcewoodLog"
      },
      {
        "value": "CUSTOM:IcewoodPlanks"
      },
      {
        "value": "CUSTOM:IcewoodStairs"
      },
      {
        "value": "CUSTOM:IcewoodSlab"
      },
      {
        "value": "CUSTOM:IcewoodFence"
      },
      {
        "value": "CUSTOM:IcewoodFenceGate"
      },
      {
        "value": "CUSTOM:IcewoodPressurePlate"
      },
      {
        "value": "CUSTOM:IcewoodButton"
      }
    ],
    "blocks": [],
    "functions": [],
    "entities": [],
    "name": "non_flammable_wood",
    "namespace": "minecraft"
  }
}