{
  "_fv": 24,
  "_type": "rangeditem",
  "definition": {
    "renderType": 0,
    "texture": "ockadoo_egg",
    "customModelName": "Normal",
    "name": "Ockadoo Egg",
    "specialInfo": [],
    "creativeTab": {
      "value": "MISC"
    },
    "stackSize": 16,
    "ammoItem": {
      "value": ""
    },
    "shootConstantly": false,
    "usageCount": 0,
    "actionSound": {
      "value": "entity.egg.throw"
    },
    "hasGlow": false,
    "animation": "none",
    "enableMeleeDamage": false,
    "damageVsEntity": 0.0,
    "bulletPower": 0.9,
    "bulletDamage": 0.0,
    "bulletKnockback": 3,
    "bulletParticles": false,
    "bulletIgnitesFire": false,
    "bulletItemTexture": {
      "value": "CUSTOM:AncientDragonProjectile"
    },
    "bulletModel": "Default",
    "customBulletModelTexture": ""
  }
}