{
  "_fv": 24,
  "_type": "tag",
  "definition": {
    "type": "Entities",
    "items": [],
    "blocks": [],
    "functions": [],
    "entities": [
      {
        "value": "CUSTOM:OniBrute"
      },
      {
        "value": "CUSTOM:OniMale"
      },
      {
        "value": "CUSTOM:OniFemale"
      },
      {
        "value": "CUSTOM:OniChildMale"
      },
      {
        "value": "CUSTOM:OniChildFemale"
      },
      {
        "value": "CUSTOM:OniPlayerChildMale"
      },
      {
        "value": "CUSTOM:OniPlayerChildFemale"
      },
      {
        "value": "CUSTOM:OniScoutMale"
      },
      {
        "value": "CUSTOM:OniScoutFemale"
      },
      {
        "value": "CUSTOM:OniMalePrisoner"
      },
      {
        "value": "CUSTOM:OniFemalePrisoner"
      }
    ],
    "name": "onis",
    "namespace": "mod"
  }
}