{
  "_fv": 24,
  "_type": "livingentity",
  "definition": {
    "mobName": "Otherling",
    "mobLabel": "",
    "mobModelName": "ModelOtherling",
    "mobModelTexture": "otherling.png",
    "mobModelGlowTexture": "otherling_glow.png",
    "modelWidth": 0.4,
    "modelHeight": 0.7999999999999999,
    "modelShadowSize": 0.2,
    "mountedYOffset": 0.0,
    "hasSpawnEgg": true,
    "spawnEggBaseColor": {
      "value": -3355444,
      "falpha": 0.0
    },
    "spawnEggDotColor": {
      "value": -6749953,
      "falpha": 0.0
    },
    "creativeTab": {
      "value": "MISC"
    },
    "isBoss": false,
    "bossBarColor": "PINK",
    "bossBarType": "PROGRESS",
    "equipmentMainHand": {
      "value": ""
    },
    "equipmentOffHand": {
      "value": ""
    },
    "equipmentHelmet": {
      "value": ""
    },
    "equipmentBody": {
      "value": ""
    },
    "equipmentLeggings": {
      "value": ""
    },
    "equipmentBoots": {
      "value": ""
    },
    "mobBehaviourType": "Mob",
    "mobCreatureType": "UNDEFINED",
    "attackStrength": 3,
    "attackKnockback": 0.0,
    "knockbackResistance": 0.0,
    "movementSpeed": 0.3,
    "armorBaseValue": 0.0,
    "trackingRange": 64,
    "health": 12,
    "xpAmount": 10,
    "waterMob": false,
    "flyingMob": true,
    "guiBoundTo": "<NONE>",
    "inventorySize": 9,
    "inventoryStackSize": 64,
    "disableCollisions": false,
    "ridable": false,
    "canControlForward": false,
    "canControlStrafe": false,
    "immuneToFire": false,
    "immuneToArrows": false,
    "immuneToFallDamage": true,
    "immuneToCactus": false,
    "immuneToDrowning": true,
    "immuneToLightning": false,
    "immuneToPotions": true,
    "immuneToPlayer": false,
    "immuneToExplosion": false,
    "immuneToTrident": false,
    "immuneToAnvil": false,
    "immuneToWither": false,
    "immuneToDragonBreath": true,
    "mobDrop": {
      "value": ""
    },
    "livingSound": {
      "value": "entity.vex.ambient"
    },
    "hurtSound": {
      "value": "entity.vex.hurt"
    },
    "deathSound": {
      "value": "entity.vex.death"
    },
    "stepSound": {
      "value": ""
    },
    "spawnParticles": true,
    "particleToSpawn": {
      "value": "ENCHANTMENT_TABLE"
    },
    "particleSpawningShape": "Spread",
    "particleSpawningRadious": 0.30000000149011613,
    "particleAmount": 2,
    "hasAI": true,
    "aiBase": "(none)",
    "aixml": "<xml xmlns=\"https://developers.google.com/blockly/xml\"><block type=\"aitasks_container\" deletable=\"false\" x=\"40\" y=\"31\"><next><block type=\"attack_action\"><field name=\"callhelp\">TRUE</field><field name=\"condition\">null,null</field><next><block type=\"attack_fly\"><field name=\"radius\">18</field><field name=\"speed\">1.2</field><field name=\"condition\">null,null</field><next><block type=\"fly\"><field name=\"speed\">1</field><field name=\"condition\">null,null</field><next><block type=\"watch_closest_entity\"><field name=\"radius\">10</field><field name=\"entity\">EntityPlayer</field><field name=\"condition\">null,null</field><next><block type=\"watch_closest_entity\"><field name=\"radius\">6</field><field name=\"entity\">EntityCreature</field><field name=\"condition\">null,null</field><next><block type=\"look_around\"><field name=\"condition\">null,null</field><next><block type=\"swim_in_water\"><field name=\"condition\">null,null</field></block></next></block></next></block></next></block></next></block></next></block></next></block></next></block></xml>",
    "breedable": false,
    "tameable": false,
    "breedTriggerItems": [],
    "ranged": false,
    "rangedAttackItem": {
      "value": ""
    },
    "rangedItemType": "Default item",
    "spawnThisMob": true,
    "doesDespawnWhenIdle": true,
    "spawningProbability": 2,
    "mobSpawningType": "creature",
    "minNumberOfMobsPerGroup": 1,
    "maxNumberOfMobsPerGroup": 3,
    "restrictionBiomes": [
      {
        "value": "CUSTOM:Enchantia"
      }
    ],
    "spawnInDungeons": false
  }
}