{
  "_fv": 24,
  "_type": "dimension",
  "definition": {
    "biomesInDimension": [
      {
        "value": "CUSTOM:Enchantia"
      },
      {
        "value": "CUSTOM:Roseia"
      },
      {
        "value": "CUSTOM:Deepwoods"
      },
      {
        "value": "CUSTOM:Glaceia"
      },
      {
        "value": "CUSTOM:Emberia"
      }
    ],
    "worldGenType": "End like gen",
    "mainFillerBlock": {
      "value": "CUSTOM:Otherstone"
    },
    "fluidBlock": {
      "value": "Blocks.FLOWING_WATER"
    },
    "canRespawnHere": true,
    "hasFog": true,
    "isDark": true,
    "doesWaterVaporize": false,
    "sleepResult": "ALLOW",
    "hasSkyLight": true,
    "imitateOverworldBehaviour": true,
    "portalFrame": {
      "value": "Blocks.CRYING_OBSIDIAN"
    },
    "portalParticles": {
      "value": "ENCHANTMENT_TABLE"
    },
    "portalLuminance": 15,
    "portalSound": {
      "value": "CUSTOM:otherworld_portal_block"
    },
    "igniterName": "�dTotem of The Otherworld",
    "igniterTab": {
      "value": "MISC"
    },
    "texture": "otherworld_totem",
    "portalTexture": "portal",
    "enablePortal": true
  }
}