{
  "_fv": 24,
  "_type": "tag",
  "definition": {
    "type": "Items",
    "items": [
      {
        "value": "CUSTOM:RedsprucePlanks"
      },
      {
        "value": "CUSTOM:RosewoodPlanks"
      },
      {
        "value": "CUSTOM:IcewoodPlanks"
      },
      {
        "value": "CUSTOM:CinderbarkPlanks"
      },
      {
        "value": "CUSTOM:MystwoodPlanks"
      }
    ],
    "blocks": [],
    "functions": [],
    "entities": [],
    "name": "planks",
    "namespace": "minecraft"
  }
}