{
  "_fv": 24,
  "_type": "tag",
  "definition": {
    "type": "Entities",
    "items": [],
    "blocks": [],
    "functions": [],
    "entities": [
      {
        "value": "CUSTOM:RoseianWarrior"
      },
      {
        "value": "CUSTOM:RoseianGuard"
      },
      {
        "value": "CUSTOM:RoseianMale"
      },
      {
        "value": "CUSTOM:RoseianFemale"
      },
      {
        "value": "CUSTOM:RoseianChildMale"
      },
      {
        "value": "CUSTOM:RoseianChildFemale"
      },
      {
        "value": "CUSTOM:RoseianPlayerChildMale"
      },
      {
        "value": "CUSTOM:RoseianPlayerChildFemale"
      },
      {
        "value": "CUSTOM:RoseianMalePrisoner"
      },
      {
        "value": "CUSTOM:RoseianFemalePrisoner"
      }
    ],
    "name": "roseians",
    "namespace": "mod"
  }
}