{
  "_fv": 24,
  "_type": "biome",
  "definition": {
    "name": "Roseia",
    "groundBlock": {
      "value": "CUSTOM:Rosegrass"
    },
    "undergroundBlock": {
      "value": "CUSTOM:RoseQuartzSoil"
    },
    "airColor": {
      "value": -160334,
      "falpha": 0.0
    },
    "grassColor": {
      "value": -1949573,
      "falpha": 0.0
    },
    "foliageColor": {
      "value": -1949573,
      "falpha": 0.0
    },
    "waterColor": {
      "value": -4119203,
      "falpha": 0.0
    },
    "waterFogColor": {
      "value": -7137468,
      "falpha": 0.0
    },
    "ambientSound": {
      "value": ""
    },
    "additionsSound": {
      "value": ""
    },
    "music": {
      "value": ""
    },
    "moodSound": {
      "value": ""
    },
    "moodSoundDelay": 6000,
    "spawnParticles": true,
    "particleToSpawn": {
      "value": "END_ROD"
    },
    "particlesProbability": 0.25,
    "biomeCategory": "PLAINS",
    "parent": {
      "value": "No parent"
    },
    "rainingPossibility": 0.5,
    "temperature": 0.75,
    "baseHeight": 0.1,
    "heightVariation": 0.1,
    "biomeType": "WARM",
    "spawnBiome": false,
    "biomeWeight": 10,
    "biomeDictionaryTypes": [
      "MAGICAL",
      "PLAINS"
    ],
    "grassPerChunk": 0,
    "seagrassPerChunk": 0,
    "flowersPerChunk": 0,
    "mushroomsPerChunk": 0,
    "bigMushroomsChunk": 0,
    "sandPatchesPerChunk": 0,
    "gravelPatchesPerChunk": 0,
    "reedsPerChunk": 0,
    "cactiPerChunk": 0,
    "treesPerChunk": 1,
    "vanillaTreeType": "Birch trees",
    "treeType": 1,
    "minHeight": 12,
    "treeStem": {
      "value": "CUSTOM:RosewoodLog"
    },
    "treeBranch": {
      "value": "CUSTOM:RosewoodLeaves"
    },
    "treeVines": {
      "value": ""
    },
    "treeFruits": {
      "value": ""
    },
    "spawnStronghold": false,
    "spawnMineshaft": false,
    "spawnMineshaftMesa": false,
    "spawnPillagerOutpost": false,
    "villageType": "none",
    "spawnWoodlandMansion": false,
    "spawnJungleTemple": false,
    "spawnDesertPyramid": false,
    "spawnSwampHut": false,
    "spawnIgloo": false,
    "spawnOceanMonument": false,
    "spawnShipwreck": false,
    "spawnShipwreckBeached": false,
    "spawnBuriedTreasure": false,
    "oceanRuinType": "NONE",
    "spawnNetherBridge": false,
    "spawnNetherFossil": false,
    "spawnBastionRemnant": false,
    "spawnEndCity": false,
    "spawnRuinedPortal": "NONE",
    "defaultFeatures": [
      "Ores"
    ],
    "spawnEntries": []
  }
}