{
  "_fv": 24,
  "_type": "tool",
  "definition": {
    "renderType": 0,
    "texture": "rosequartz_shovel",
    "customModelName": "Normal",
    "name": "Rose Quartz Shovel",
    "specialInfo": [],
    "creativeTab": {
      "value": "TOOLS"
    },
    "toolType": "Spade",
    "harvestLevel": 1,
    "efficiency": 10.0,
    "attackSpeed": 1.0,
    "enchantability": 30,
    "damageVsEntity": 3.0,
    "usageCount": 128,
    "blocksAffected": [],
    "hasGlow": false,
    "repairItems": [
      {
        "value": "CUSTOM:RoseQuartzShard"
      }
    ],
    "immuneToFire": false,
    "stayInGridWhenCrafting": false,
    "damageOnCrafting": false
  }
}