{
  "_fv": 24,
  "_type": "block",
  "definition": {
    "texture": "otherstone",
    "textureTop": "keystone_top",
    "textureLeft": "otherstone_bricks",
    "textureFront": "otherstone_bricks",
    "textureRight": "otherstone_bricks",
    "textureBack": "otherstone_bricks",
    "renderType": 10,
    "customModelName": "Normal",
    "rotationMode": 0,
    "emissiveRendering": false,
    "displayFluidOverlay": false,
    "itemTexture": "",
    "particleTexture": "",
    "tintType": "No tint",
    "isItemTinted": false,
    "hasTransparency": false,
    "connectedSides": false,
    "transparencyType": "SOLID",
    "disableOffset": false,
    "boundingBoxes": [
      {
        "mx": 0.0,
        "my": 0.0,
        "mz": 0.0,
        "Mx": 16.0,
        "My": 16.0,
        "Mz": 16.0,
        "subtract": false
      }
    ],
    "name": "Keystone",
    "specialInfo": [],
    "hardness": 60.0,
    "resistance": 3500.0,
    "hasGravity": false,
    "isWaterloggable": false,
    "creativeTab": {
      "value": "No creative tab entry"
    },
    "destroyTool": "pickaxe",
    "customDrop": {
      "value": "CUSTOM:Keystone"
    },
    "dropAmount": 1,
    "useLootTableForDrops": false,
    "enchantPowerBonus": 0.0,
    "plantsGrowOn": false,
    "canRedstoneConnect": false,
    "lightOpacity": 15,
    "material": {
      "value": "MISCELLANEOUS"
    },
    "tickRate": 10,
    "tickRandomly": true,
    "isReplaceable": false,
    "canProvidePower": false,
    "emittedRedstonePower": {
      "fixedValue": 15.0
    },
    "colorOnMap": "PURPLE",
    "creativePickItem": {
      "value": "CUSTOM:Keystone"
    },
    "offsetType": "NONE",
    "aiPathNodeType": "DEFAULT",
    "flammability": 0,
    "fireSpreadSpeed": 0,
    "isLadder": false,
    "slipperiness": 0.6,
    "speedFactor": 1.0,
    "jumpFactor": 1.0,
    "reactionToPushing": "BLOCK",
    "isNotColidable": false,
    "isCustomSoundType": true,
    "soundOnStep": {
      "value": "GROUND"
    },
    "breakSound": {
      "value": "block.beacon.deactivate"
    },
    "stepSound": {
      "value": "block.stone.step"
    },
    "placeSound": {
      "value": "block.beacon.activate"
    },
    "hitSound": {
      "value": "block.stone.hit"
    },
    "fallSound": {
      "value": "block.stone.fall"
    },
    "luminance": 0,
    "unbreakable": false,
    "breakHarvestLevel": 4,
    "spawnParticles": true,
    "particleToSpawn": {
      "value": "ENCHANTMENT_TABLE"
    },
    "particleSpawningShape": "Top",
    "particleSpawningRadious": 0.30000000000000004,
    "particleAmount": 2,
    "hasInventory": false,
    "guiBoundTo": "<NONE>",
    "openGUIOnRightClick": false,
    "inventorySize": 9,
    "inventoryStackSize": 64,
    "inventoryDropWhenDestroyed": false,
    "inventoryComparatorPower": false,
    "inventoryOutSlotIDs": [],
    "inventoryInSlotIDs": [],
    "hasEnergyStorage": false,
    "energyInitial": 0,
    "energyCapacity": 400000,
    "energyMaxReceive": 200,
    "energyMaxExtract": 200,
    "isFluidTank": false,
    "fluidCapacity": 8000,
    "fluidRestrictions": [],
    "spawnWorldTypes": [],
    "restrictionBiomes": [],
    "blocksToReplace": [
      {
        "value": "Blocks.STONE"
      }
    ],
    "frequencyPerChunks": 10,
    "frequencyOnChunk": 16,
    "minGenerateHeight": 0,
    "maxGenerateHeight": 64
  }
}