{
  "_fv": 24,
  "_type": "armor",
  "definition": {
    "enableHelmet": true,
    "textureHelmet": "rosegold_helmet",
    "enableBody": true,
    "textureBody": "rosegold_chestplate",
    "enableLeggings": true,
    "textureLeggings": "rosegold_leggings",
    "enableBoots": true,
    "textureBoots": "rosegold_boots",
    "creativeTab": {
      "value": "COMBAT"
    },
    "armorTextureFile": "rosegold_",
    "helmetName": "Rosegold Helmet",
    "bodyName": "Rosegold Chestplate",
    "leggingsName": "Rosegold Leggings",
    "bootsName": "Rosegold Boots",
    "helmetSpecialInfo": [],
    "bodySpecialInfo": [],
    "leggingsSpecialInfo": [],
    "bootsSpecialInfo": [],
    "helmetModelName": "Default",
    "helmetModelPart": "Helmet",
    "helmetModelTexture": "From armor",
    "bodyModelName": "Default",
    "bodyModelPart": "Body",
    "armsModelPartL": "Arms L",
    "armsModelPartR": "Arms R",
    "bodyModelTexture": "From armor",
    "leggingsModelName": "Default",
    "leggingsModelPartL": "Leggings L",
    "leggingsModelPartR": "Leggings R",
    "leggingsModelTexture": "From armor",
    "bootsModelName": "Default",
    "bootsModelPartL": "Boots L",
    "bootsModelPartR": "Boots R",
    "bootsModelTexture": "From armor",
    "helmetImmuneToFire": false,
    "bodyImmuneToFire": false,
    "leggingsImmuneToFire": false,
    "bootsImmuneToFire": false,
    "maxDamage": 15,
    "damageValueHelmet": 2,
    "damageValueBody": 6,
    "damageValueLeggings": 5,
    "damageValueBoots": 2,
    "enchantability": 30,
    "toughness": 0.0,
    "knockbackResistance": 0.0,
    "equipSound": {
      "value": "item.armor.equip_gold"
    },
    "repairItems": [
      {
        "value": "CUSTOM:RosegoldIngot"
      }
    ]
  }
}