{
  "_fv": 24,
  "_type": "gui",
  "definition": {
    "type": 1,
    "width": 176,
    "height": 161,
    "inventoryOffsetX": 0,
    "inventoryOffsetY": -1,
    "renderBgLayer": true,
    "doesPauseGame": false,
    "components": [
      {
        "type": "inputslot",
        "data": {
          "inputLimit": {
            "value": ""
          },
          "id": 0,
          "disableStackInteraction": false,
          "dropItemsWhenNotBound": true,
          "name": "Slot #0",
          "x": 159,
          "y": 71
        }
      },
      {
        "type": "outputslot",
        "data": {
          "id": 1,
          "disableStackInteraction": false,
          "dropItemsWhenNotBound": false,
          "onTakenFromSlot": {
            "name": "RoseianBasicTrade"
          },
          "name": "Slot #1",
          "x": 204,
          "y": 53
        }
      },
      {
        "type": "outputslot",
        "data": {
          "id": 2,
          "disableStackInteraction": false,
          "dropItemsWhenNotBound": false,
          "onTakenFromSlot": {
            "name": "RoseianBasicTrade"
          },
          "name": "Slot #2",
          "x": 204,
          "y": 71
        }
      },
      {
        "type": "outputslot",
        "data": {
          "id": 3,
          "disableStackInteraction": false,
          "dropItemsWhenNotBound": false,
          "onTakenFromSlot": {
            "name": "RoseianBasicTrade"
          },
          "name": "Slot #3",
          "x": 204,
          "y": 89
        }
      },
      {
        "type": "outputslot",
        "data": {
          "id": 4,
          "disableStackInteraction": false,
          "dropItemsWhenNotBound": false,
          "onTakenFromSlot": {
            "name": "DoubleTierCoinTrade"
          },
          "name": "Slot #4",
          "x": 231,
          "y": 53
        }
      },
      {
        "type": "outputslot",
        "data": {
          "id": 5,
          "disableStackInteraction": false,
          "dropItemsWhenNotBound": false,
          "onTakenFromSlot": {
            "name": "DoubleTierCoinTrade"
          },
          "name": "Slot #5",
          "x": 231,
          "y": 71
        }
      },
      {
        "type": "outputslot",
        "data": {
          "id": 6,
          "disableStackInteraction": false,
          "dropItemsWhenNotBound": false,
          "onTakenFromSlot": {
            "name": "DoubleTierCoinTrade"
          },
          "name": "Slot #6",
          "x": 231,
          "y": 89
        }
      },
      {
        "type": "outputslot",
        "data": {
          "id": 7,
          "disableStackInteraction": false,
          "dropItemsWhenNotBound": false,
          "onTakenFromSlot": {
            "name": "TripleTierCoinTrade"
          },
          "name": "Slot #7",
          "x": 258,
          "y": 53
        }
      },
      {
        "type": "outputslot",
        "data": {
          "id": 8,
          "disableStackInteraction": false,
          "dropItemsWhenNotBound": false,
          "onTakenFromSlot": {
            "name": "TripleTierCoinTrade"
          },
          "name": "Slot #8",
          "x": 258,
          "y": 71
        }
      },
      {
        "type": "outputslot",
        "data": {
          "id": 9,
          "disableStackInteraction": false,
          "dropItemsWhenNotBound": false,
          "onTakenFromSlot": {
            "name": "TripleTierCoinTrade"
          },
          "name": "Slot #9",
          "x": 258,
          "y": 89
        }
      }
    ],
    "onOpen": {
      "name": "SetPlayerTrading"
    },
    "onTick": {
      "name": "TradeWithRoseian"
    },
    "onClosed": {
      "name": "RemovePlayerTrading"
    },
    "gridSettings": {
      "sx": 18,
      "sy": 18,
      "ox": 11,
      "oy": 15,
      "snapOnGrid": true
    }
  }
}