{
  "_fv": 24,
  "_type": "tool",
  "definition": {
    "renderType": 0,
    "texture": "sapphire_axe",
    "customModelName": "Normal",
    "name": "Sapphire Axe",
    "specialInfo": [],
    "creativeTab": {
      "value": "TOOLS"
    },
    "toolType": "Axe",
    "harvestLevel": 2,
    "efficiency": 4.0,
    "attackSpeed": 2.0,
    "enchantability": 12,
    "damageVsEntity": 8.0,
    "usageCount": 300,
    "blocksAffected": [],
    "hasGlow": false,
    "repairItems": [
      {
        "value": "CUSTOM:SapphireGem"
      }
    ],
    "immuneToFire": false,
    "stayInGridWhenCrafting": false,
    "damageOnCrafting": false
  }
}