{
  "_fv": 24,
  "_type": "tool",
  "definition": {
    "renderType": 0,
    "texture": "sapphire_shovel",
    "customModelName": "Normal",
    "name": "Sapphire Shovel",
    "specialInfo": [],
    "creativeTab": {
      "value": "TOOLS"
    },
    "toolType": "Spade",
    "harvestLevel": 2,
    "efficiency": 4.0,
    "attackSpeed": 1.0,
    "enchantability": 12,
    "damageVsEntity": 3.0,
    "usageCount": 300,
    "blocksAffected": [],
    "hasGlow": false,
    "repairItems": [
      {
        "value": "CUSTOM:SapphireGem"
      }
    ],
    "immuneToFire": false,
    "stayInGridWhenCrafting": false,
    "damageOnCrafting": false
  }
}