{
  "_fv": 24,
  "_type": "potioneffect",
  "definition": {
    "effectName": "Sedation",
    "icon": "sedated.png",
    "color": {
      "value": -12566464,
      "falpha": 0.0
    },
    "isInstant": false,
    "isBad": false,
    "isBenefitical": false,
    "renderStatusInInventory": false,
    "renderStatusInHUD": false,
    "onStarted": {
      "name": "SedationApplied"
    },
    "onActiveTick": {
      "name": "SedationActiveTick"
    },
    "onExpired": {
      "name": "SedationExpires"
    }
  }
}