{
  "_fv": 24,
  "_type": "achievement",
  "definition": {
    "achievementName": "Started In Town",
    "achievementDescription": "-",
    "achievementIcon": {
      "value": "CUSTOM:Keystone"
    },
    "background": "Default",
    "disableDisplay": true,
    "showPopup": false,
    "announceToChat": false,
    "hideIfNotCompleted": true,
    "rewardLoot": [],
    "rewardRecipes": [],
    "rewardFunction": "No function",
    "rewardXP": 0,
    "achievementType": "task",
    "parent": {
      "value": "No parent: root"
    },
    "triggerxml": "<xml xmlns=\"https://developers.google.com/blockly/xml\"><block type=\"custom_trigger\" x=\"95\" y=\"115\"><next><block type=\"advancement_trigger\" deletable=\"false\"></block></next></block></xml>"
  }
}