{
  "_fv": 24,
  "_type": "tag",
  "definition": {
    "type": "Blocks",
    "items": [],
    "blocks": [
      {
        "value": "CUSTOM:Rosegrass"
      },
      {
        "value": "CUSTOM:RoseQuartzSoil"
      },
      {
        "value": "CUSTOM:Cindergrass"
      },
      {
        "value": "CUSTOM:Ash"
      },
      {
        "value": "CUSTOM:MysticMoss"
      },
      {
        "value": "CUSTOM:EnchantedSoil"
      },
      {
        "value": "CUSTOM:Permafrost"
      },
      {
        "value": "Blocks.PACKED_ICE"
      }
    ],
    "functions": [],
    "entities": [],
    "name": "tillable_land",
    "namespace": "mod"
  }
}