{
  "_fv": 24,
  "_type": "armor",
  "definition": {
    "enableHelmet": true,
    "textureHelmet": "topaz_helmet",
    "enableBody": true,
    "textureBody": "topaz_chestplate",
    "enableLeggings": true,
    "textureLeggings": "topaz_leggings",
    "enableBoots": true,
    "textureBoots": "topaz_boots",
    "creativeTab": {
      "value": "COMBAT"
    },
    "armorTextureFile": "topaz_",
    "helmetName": "Topaz Helmet",
    "bodyName": "Topaz Chestplate",
    "leggingsName": "Topaz Leggings",
    "bootsName": "Topaz Boots",
    "helmetSpecialInfo": [],
    "bodySpecialInfo": [],
    "leggingsSpecialInfo": [],
    "bootsSpecialInfo": [],
    "helmetModelName": "Default",
    "helmetModelPart": "Helmet",
    "helmetModelTexture": "From armor",
    "bodyModelName": "Default",
    "bodyModelPart": "Body",
    "armsModelPartL": "Arms L",
    "armsModelPartR": "Arms R",
    "bodyModelTexture": "From armor",
    "leggingsModelName": "Default",
    "leggingsModelPartL": "Leggings L",
    "leggingsModelPartR": "Leggings R",
    "leggingsModelTexture": "From armor",
    "bootsModelName": "Default",
    "bootsModelPartL": "Boots L",
    "bootsModelPartR": "Boots R",
    "bootsModelTexture": "From armor",
    "helmetImmuneToFire": true,
    "bodyImmuneToFire": true,
    "leggingsImmuneToFire": true,
    "bootsImmuneToFire": true,
    "maxDamage": 15,
    "damageValueHelmet": 2,
    "damageValueBody": 6,
    "damageValueLeggings": 5,
    "damageValueBoots": 2,
    "enchantability": 12,
    "toughness": 2.0,
    "knockbackResistance": 0.0,
    "equipSound": {
      "value": "item.armor.equip_diamond"
    },
    "repairItems": [
      {
        "value": "CUSTOM:TopazGem"
      }
    ]
  }
}